<?xml version="1.0" encoding="UTF-8" ?>
<!DOCTYPE mapper
PUBLIC "-//mybatis.org//DTD Mapper 3.0//EN"
"http://mybatis.org/dtd/mybatis-3-mapper.dtd">
<mapper namespace="u">

<insert id="user_insert" parameterType="vo.UserVO">
	insert into book_user values( #{id},
								  #{name},
								  #{pwd},
								  #{nickname},
								  #{gender},
								  #{jumin1},
								  #{jumin2},
								  #{postcode},
								  #{address1},
								  #{address2},
								  #{email},
								  0,
								  0,
								  #{tel1},
								  #{tel2},
								  #{tel3}
								  )
</insert>

<!-- 로그인 -->
<select id="user_login" resultType= "vo.UserVO" parameterType="String">
	select * from book_user where id = #{id}
</select>

<!-- 아이디찾기, 회원가입 유무 체크 -->  
<select id="user_search" resultType= "vo.UserVO" parameterType="String">
	select * from book_user where name = #{name}
</select>

<!-- 회원정보 수정 -->
<update id="user_update" parameterType="vo.UserVO">
	update book_user set nickname = #{nickname}, 
					tel1 = #{tel1}, 
					tel2 = #{tel2}, 
					tel3 = #{tel3}, 
					postcode = #{postcode},
					address1 = #{address1},
					address2 = #{address2},
					email = #{email}
	where id = #{id}
</update>

<!-- 비밀번호 변경 -->
<update id="user_adjust" parameterType="vo.UserVO">
	update book_user set pwd = #{pwd} where id = #{id}
</update>

<delete id="delete" parameterType="String">
  		delete from book_user where id = #{id}
</delete>

	<!--카카오페이  적립 -->
	<update id="updateMoney" parameterType="vo.UserVO">
		update book_user set money = money + #{account}  where id= #{id}  
	</update>


<select id="Delivery" resultType= "vo.DeliveryVO" parameterType="String">
	SELECT * FROM DELIVERY where id =#{id} 
</select>



</mapper>












